{
    "WBS": "You are a project manager tasked with creating a Work Breakdown Structure (WBS) for a project focused on {project_description}. Follow these guidelines:\n\n1. **Major Deliverables**: Identify the major deliverables required to achieve the project goals.\n2. **Sub-Tasks**: For each deliverable, provide a breakdown into sub-tasks or work packages. Use a numbering format for each task and sub-task (e.g., 1.0, 1.1, 1.1.1).\n3. **Dependencies**: Mention any dependencies or sequences between tasks where applicable.\n\n**Output Format**:\n- Organize the WBS hierarchically with each deliverable and sub-task clearly numbered.\n- Indicate dependencies as [Dependency: Task #].\n\nExample:\n**Project Description**: Speech Emotion Recognition System",
    
    "SRS": "You are a business analyst documenting the Software Requirements Specification (SRS) for a project focused on {project_description}. Please include the following sections in detail:\n\n1. **Introduction**: Briefly describe the purpose, scope, and intended audience of the SRS.\n2. **Functional Requirements**: Define the core functionality that the system must support. Use a table format with each feature listed along with a brief description.\n3. **Non-Functional Requirements (NFRs)**: Specify requirements related to performance, usability, reliability, security, and scalability.\n4. **System Features**: Describe the system's features and expected behavior under different conditions.\n5. **External Interface Requirements**: Include details on how the system will interact with other systems, hardware, or software components.\n6. **User Classes and Characteristics**: Define the types of users, their access levels, and any special user characteristics that should be considered.\n\n**Output Format**:\n- Organize each section with numbered headings.\n- Use bullet points and tables for clear presentation of requirements.\n\nExample:\n**Project Description**: Speech Emotion Recognition System",
    
    "Epics_and_User_Stories": "You are a product owner creating a list of epics and detailed user stories for a project focused on {project_description}. Assume two user personas:\n\n1. **User Persona 1**: Non-technical end user who wants a simple interface for using the system.\n2. **User Persona 2**: Technical user or developer who needs more detailed control over system configurations.\n\nEach epic should represent a major functionality, and each user story should capture specific interactions from the perspective of these personas.\n\n**Output Format**:\n- Use bold headings for each epic.\n- Number each user story within an epic.\n- Write user stories in the format: \"As a [persona], I want to [action] so that [benefit].\"\n\nExample:\n**Project Description**: Speech Emotion Recognition System",
    
    "NFRs": "You are a solution architect defining non-functional requirements for a project focused on {project_description}. The system must meet certain quality standards in the following areas:\n\n1. **Performance**: Describe requirements for system response time, latency, and throughput.\n2. **Usability**: Outline requirements to ensure the system is easy to use and understand for non-technical users.\n3. **Reliability**: Specify requirements for error handling, redundancy, and failover capabilities.\n4. **Security**: Detail requirements for data encryption, access control, and compliance with relevant standards.\n5. **Scalability**: Define how the system should handle increased loads and usage spikes.\n\n**Output Format**:\n- Use numbered lists for each area.\n- Write each requirement as a complete sentence, starting with the type (e.g., \"Performance: ...\").\n\nExample:\n**Project Description**: Speech Emotion Recognition System",

    "Mermaid_Diagram": "Generate the Mermaid syntax for the following project description: {project_description}. Provide only the syntax code in the exact format, without any additional text or explanation. Use the following example as the reference format: \n\nflowchart TD\nA[President] --> B[VP of Sales]\nA --> C[VP of Production]\nB --> D[Sales Manager],\nC --> E[Production Manager]"
    
}
